Workbook

Sheet How to use
A1: Hairy Popsicles: voice recording script
A2: Every line a character can say in the game, pulled from the code. The player (Antenna) never speaks.
A4: TABS
A5: Characters: one row per character, with where they are, what they want, a read on their personality and a voice idea, plus your progress.
A6: Script: every unique line, grouped by character, in the order you'd hit them in play. One row = one audio file.
A7: Shared reactions: generic grunts and watering reactions that anyone without a special line says.
A9: WHAT YOU EDIT (yellow cells)
A10: Status: pick To do / Recorded / Redo from the dropdown. Characters tab counts your progress from this.
A11: Notes: anything (take number, what you changed, mic placement).
A12: Everything else is generated from the game. Voice ideas are only suggestions; your call.
A14: RECORDING
A15: One file per line, named exactly as the File column (e.g. toad_01.wav). That's what lets me wire them in without guessing.
... A25: Not included: the two lines nobody can trigger right now ("...warm." for mouse droppings, and a fallback "thanks.").

Sheet Characters
A1: Character | B1: ID | C1: Where | D1: Moves | E1: Wants (for their card) | F1: Personality (from their lines) | G1: Voice idea | H1: Lines | I1: Recorded | J1: Done
A2: Toad | B2: toad | C2: Hub (middle) | D2: Lumbers around; sleeps when full | E2: Fill Toad all the way up. | F2: Bottomless, single-minded appetite. Grunts more than talks. | G2: Huge, wet, low. Gravelly; burps and gurgles are half the part. | H2: =COUNTIF(Script!$B$2:$B$90,A2) -> 19 | I2: =COUNTIFS(Script!$B$2:$B$90,A2,Script!$G$2:$G$90,"Recorded") -> 0 | J2: =IF(H2=0,0,I2/H2) -> 0
A3: Pimples | B3: pimples | C3: Hub | D3: Stands | E3: Get out whatever's been growing in him (slap 3x). | F3: Embarrassed, itchy, fighting the urge to pick. | G3: Tight, self-conscious mutter; relief at the end. | H3: =COUNTIF(Script!$B$2:$B$90,A3) -> 8 | I3: =COUNTIFS(Script!$B$2:$B$90,A3,Script!$G$2:$G$90,"Recorded") -> 0 | J3: =IF(H3=0,0,I3/H3) -> 0
A4: Melter | B4: melter | C4: Hub | D4: Head on a stick | E4: Water him 3 times. | F4: Wistful, falling apart, a little vain. | G4: Slow and droopy, like the words are sliding off. | H4: =COUNTIF(Script!$B$2:$B$90,A4) -> 3 | I4: =COUNTIFS(Script!$B$2:$B$90,A4,Script!$G$2:$G$90,"Recorded") -> 0 | J4: =IF(H4=0,0,I4/H4) -> 0
A5: Weeper | B5: weeper | C5: Hub | D5: Head on a stick | E5: Talk to him 3 times. | F5: Insists he's fine while crying. | G5: Wobbly, sniffly, defensive. | H5: =COUNTIF(Script!$B$2:$B$90,A5) -> 3 | I5: =COUNTIFS(Script!$B$2:$B$90,A5,Script!$G$2:$G$90,"Recorded") -> 0 | J5: =IF(H5=0,0,I5/H5) -> 0
A6: Stubble | B6: stubble | C6: Hub | D6: Head on a stick | E6: Bring him 3 hairs. | F6: Irritable, bristly, self-conscious about pores. | G6: Gruff, scratchy, short-tempered. | H6: =COUNTIF(Script!$B$2:$B$90,A6) -> 3 | I6: =COUNTIFS(Script!$B$2:$B$90,A6,Script!$G$2:$G$90,"Recorded") -> 0 | J6: =IF(H6=0,0,I6/H6) -> 0
A7: Screamer | B7: screamer | C7: Hub | D7: Head on a stick | E7: Slap him twice. | F7: Permanently startled; apologises for it. | G7: Opens with a scream, then sheepish and polite. | H7: =COUNTIF(Script!$B$2:$B$90,A7) -> 2 | I7: =COUNTIFS(Script!$B$2:$B$90,A7,Script!$G$2:$G$90,"Recorded") -> 0 | J7: =IF(H7=0,0,I7/H7) -> 0
A8: Shiv | B8: shiv | C8: Hub | D8: Walks around | E8: Bring him 2 crumbs. | F8: Tall, insecure, a fibber. | G8: Lanky, nasal, a bit shifty. | H8: =COUNTIF(Script!$B$2:$B$90,A8) -> 3 | I8: =COUNTIFS(Script!$B$2:$B$90,A8,Script!$G$2:$G$90,"Recorded") -> 0 | J8: =IF(H8=0,0,I8/H8) -> 0
A9: Roast | B9: roast | C9: West | D9: Lies there (an item you carry) | E9: Water him until he's juicy. | F9: A dry little roast that wants to be eaten. | G9: Parched croak that gets juicier with each watering. | H9: =COUNTIF(Script!$B$2:$B$90,A9) -> 6 | I9: =COUNTIFS(Script!$B$2:$B$90,A9,Script!$G$2:$G$90,"Recorded") -> 0 | J9: =IF(H9=0,0,I9/H9) -> 0
A10: Conehead | B10: conehead | C10: West | D10: Head on a stick | E10: Pop 5 pimples near him. | F10: Forced smile, crying underneath. | G10: Manic cheer that cracks. | H10: =COUNTIF(Script!$B$2:$B$90,A10) -> 2 | I10: =COUNTIFS(Script!$B$2:$B$90,A10,Script!$G$2:$G$90,"Recorded") -> 0 | J10: =IF(H10=0,0,I10/H10) -> 0
A11: Mirror | B11: mirror | C11: Hub (front, right) | D11: Head on a stick | E11: Water him after dark. | F11: Cryptic shopkeeper; reflects you back. | G11: Smooth, knowing, slightly unsettling. | H11: =COUNTIF(Script!$B$2:$B$90,A11) -> 6 | I11: =COUNTIFS(Script!$B$2:$B$90,A11,Script!$G$2:$G$90,"Recorded") -> 0 | J11: =IF(H11=0,0,I11/H11) -> 0
A12: Tendrils | B12: tendrils | C12: West | D12: Head on a stick | E12: Bring him 5 hairs. | F12: Ambivalent about what's growing out of him. | G12: Breathy, undecided, changes his mind mid-line. | H12: =COUNTIF(Script!$B$2:$B$90,A12) -> 3 | I12: =COUNTIFS(Script!$B$2:$B$90,A12,Script!$G$2:$G$90,"Recorded") -> 0 | J12: =IF(H12=0,0,I12/H12) -> 0
A13: Red Eye | B13: redeye | C13: Night only (appears near you) | D13: Head on a stick | E13: Find him at night. | F13: Sleepless, twitchy, surprised to be noticed. | G13: Hoarse, wired, whispery. | H13: =COUNTIF(Script!$B$2:$B$90,A13) -> 3 | I13: =COUNTIFS(Script!$B$2:$B$90,A13,Script!$G$2:$G$90,"Recorded") -> 0 | J13: =IF(H13=0,0,I13/H13) -> 0
... A22: Sweats | B22: sweats | C22: East | D22: Head on a stick | E22: Water him 4 times. | F22: Nervous, overheated, aware you're watching. | G22: Flustered, quick, breathy. | H22: =COUNTIF(Script!$B$2:$B$90,A22) -> 2 | I22: =COUNTIFS(Script!$B$2:$B$90,A22,Script!$G$2:$G$90,"Recorded") -> 0 | J22: =IF(H22=0,0,I22/H22) -> 0
A23: Character lines | H23: =SUM(H2:H22) -> 89 | I23: =SUM(I2:I22) -> 0 | J23: =IF(H23=0,0,I23/H23) -> 0
A24: Shared reactions | H24: =COUNTA('Shared reactions'!B2:B13) -> 12 | I24: =COUNTIF('Shared reactions'!E2:E13,"Recorded") -> 0 | J24: =IF(H24=0,0,I24/H24) -> 0
A25: Total | H25: =H23+H24 -> 101 | I25: =I23+I24 -> 0 | J25: =IF(H25=0,0,I25/H25) -> 0

Sheet Script
A1: File | B1: Character | C1: # | D1: Line | E1: Kind | F1: When it plays | G1: Status | H1: Notes
A2: toad_01 | B2: Toad | C2: 1 | D2: HUNGRY. | E2: Hungry | F2: Talk to him, or walk near him, while he's hungry (random) | G2: To do
A3: toad_02 | B3: Toad | C3: 2 | D3: feed me. | E3: Hungry | F3: Talk to him, or walk near him, while he's hungry (random) | G3: To do
A4: toad_03 | B4: Toad | C4: 3 | D4: FOOOOD. | E4: Hungry | F4: Talk to him while he's hungry (random) | G4: To do
A5: toad_04 | B5: Toad | C5: 4 | D5: *stomach noise* | E5: Hungry | F5: Talk to him while he's hungry (random) | G5: To do
A6: toad_05 | B6: Toad | C6: 5 | D6: more. | E6: Hungry | F6: Talk to him while he's hungry (random) | G6: To do
A7: toad_06 | B7: Toad | C7: 6 | D7: hhhungry. | E7: Hungry | F7: Walk near him while he's hungry (random) | G7: To do
A8: toad_07 | B8: Toad | C8: 7 | D8: bring me crumbs. | E8: Hungry | F8: Walk near him while he's hungry (random) | G8: To do
A9: toad_08 | B9: Toad | C9: 8 | D9: FEED ME. | E9: Slap | F9: Slap him while he's hungry | G9: To do
A10: toad_09 | B10: Toad | C10: 9 | D10: *BUUUURP* | E10: Eat | F10: The last bite that fills him up | G10: To do
A11: toad_10 | B11: Toad | C11: 10 | D11: *GULP* | E11: Eat | F11: Throw a big item into his mouth (Roast, blob, eyeball) | G11: To do
A12: toad_11 | B12: Toad | C12: 11 | D12: ...full. let me sleep. | E12: Full | F12: Talk to him while he's full (random) | G12: To do
A13: toad_12 | B13: Toad | C13: 12 | D13: zzz... no more... | E13: Full | F13: Talk to him while he's full (random) | G13: To do
... A90: sweats_02 | B90: Sweats | C90: 2 | D90: I sweat when people look at me. Like now. | E90: Mutter | F90: You walk past (random) | G90: To do

Sheet Shared reactions
A1: File | B1: Line | C1: Kind | D1: Who says it | E1: Status | F1: Notes
A2: shared_01 | B2: hhhnnngh. | C2: Talk or slap | D2: Talk: Everyone except Pimples, Mirror and Big Eye (they have their own talk lines). Slap: Everyone except Toad and Roast; Pimples and Big Eye only after their card. | E2: To do
A3: shared_02 | B3: *drip* | C3: Talk or slap | D3: Talk: Everyone except Pimples, Mirror and Big Eye (they have their own talk lines). Slap: Everyone except Toad and Roast; Pimples and Big Eye only after their card. | E3: To do
A4: shared_03 | B4: ... | C4: Talk or slap | D4: Talk: Everyone except Pimples, Mirror and Big Eye (they have their own talk lines). Slap: Everyone except Toad and Roast; Pimples and Big Eye only after their card. | E4: To do
A5: shared_04 | B5: go away. | C5: Talk or slap | D5: Talk: Everyone except Pimples, Mirror and Big Eye (they have their own talk lines). Slap: Everyone except Toad and Roast; Pimples and Big Eye only after their card. | E5: To do
A6: shared_05 | B6: hrrk. | C6: Talk or slap | D6: Talk: Everyone except Pimples, Mirror and Big Eye (they have their own talk lines). Slap: Everyone except Toad and Roast; Pimples and Big Eye only after their card. | E6: To do
A7: shared_06 | B7: mm. | C7: Talk or slap | D7: Talk: Everyone except Pimples, Mirror and Big Eye (they have their own talk lines). Slap: Everyone except Toad and Roast; Pimples and Big Eye only after their card. | E7: To do
A8: shared_07 | B8: don't. | C8: Talk or slap | D8: Talk: Everyone except Pimples, Mirror and Big Eye (they have their own talk lines). Slap: Everyone except Toad and Roast; Pimples and Big Eye only after their card. | E8: To do
A9: shared_08 | B9: *wet noise* | C9: Talk or slap | D9: Talk: Everyone except Pimples, Mirror and Big Eye (they have their own talk lines). Slap: Everyone except Toad and Roast; Pimples and Big Eye only after their card. | E9: To do
A10: shared_09 | B10: *sputter* | C10: Water | D10: Everyone except Toad and Roast | E10: To do
A11: shared_10 | B11: thanks, I guess. | C11: Water | D11: Everyone except Toad and Roast | E11: To do
A12: shared_11 | B12: now I'm wet. | C12: Water | D12: Everyone except Toad and Roast | E12: To do
A13: shared_12 | B13: *drip* | C13: Water | D13: Everyone except Toad and Roast | E13: To do
